100017,110017,200017,210017,300017,310017,320017,330017,340017,350017,,
100017,110017,200017,210017,300017,310017,320017,330017,340017,350017,,
100001,300001,310001,,,,,,,,,
100002,300002,310002,,,,,,,,,
100003,300003,310003,,,,,,,,,
100004,300004,310004,,,,,,,,,
100005,300005,310005,,,,,,,,,
100008,300008,310008,,,,,,,,,
100009,300009,310009,,,,,,,,,
100012,300012,310012,,,,,,,,,
100013,300013,310013,,,,,,,,,
100014,300014,310014,,,,,,,,,
100015,300015,310015,,,,,,,,,
100016,300016,310016,,,,,,,,,
100017,110017,200017,210017,300017,310017,320017,330017,340017,350017,,
100018,110018,200018,210018,220018,300018,310018,,,,,
100019,110019,200019,210019,220019,300019,310019,,,,,
100020,110020,200020,210020,300020,310020,320020,330020,340020,350020,,
100021,110021,200021,210021,220021,300021,310021,,,,,
100022,110022,200022,210022,220022,230022,,,,,,
100023,110023,200023,210023,220023,230023,,,,,,
100024,110024,200024,210024,220024,300024,310024,,,,,
100025,110025,200025,210025,220025,300025,310025,,,,,
100026,110026,200026,210026,220026,230026,,,,,,
100027,110027,200027,210027,220027,230027,,,,,,
100028,110028,200028,210028,220028,300028,310028,,,,,
100029,110029,200029,210029,300029,310029,320029,330029,340029,350029,,
100030,110030,200030,210030,220030,300030,310030,,,,,
100031,110031,200031,210031,220031,300031,310031,,,,,
100032,110032,200032,210032,300032,310032,320032,330032,340032,350032,,
100033,110033,200033,210033,300033,310033,,,,,,
100034,110034,200034,210034,220034,300034,,,,,,
100035,110035,200035,210035,220035,300035,,,,,,
100036,110036,200036,210036,300036,310036,,,,,,
100037,110037,200037,210037,220037,300037,,,,,,
100038,110038,200038,210038,220038,230038,,,,,,
100039,110039,200039,210039,220039,230039,,,,,,
100040,110040,200040,210040,220040,300040,,,,,,
100041,110041,200041,210041,220041,300041,,,,,,
100042,110042,200042,210042,220042,230042,,,,,,
100043,110043,200043,210043,220043,230043,,,,,,
100044,110044,200044,210044,220044,300044,,,,,,
100045,110045,200045,210045,300045,310045,,,,,,
100046,110046,200046,210046,220046,300046,,,,,,
100047,110047,200047,210047,220047,300047,,,,,,
100048,110048,200048,210048,300048,310048,,,,,,
100049,110049,200049,210049,300049,310049,320049,330049,340049,350049,360049,370049
100050,110050,200050,210050,220050,300050,310050,,,,,
100051,110051,200051,210051,220051,300051,310051,,,,,
100052,110052,200052,210052,300052,310052,320052,330052,340052,350052,360052,370052
100053,110053,200053,210053,220053,300053,310053,,,,,
100054,110054,200054,210054,220054,230054,,,,,,
100055,110055,200055,210055,220055,230055,,,,,,
100056,110056,200056,210056,220056,300056,310056,,,,,
100057,110057,200057,210057,220057,300057,310057,,,,,
100058,110058,200058,210058,220058,230058,,,,,,
100059,110059,200059,210059,220059,230059,,,,,,
100060,110060,200060,210060,220060,300060,310060,,,,,
100061,110061,200061,210061,300061,310061,320061,330061,340061,350061,360061,370061
100062,110062,200062,210062,220062,300062,310062,,,,,
100063,110063,200063,210063,220063,300063,310063,,,,,
100064,110064,200064,210064,300064,310064,320064,330064,340064,350064,360064,370064
100065,110065,200065,210065,300065,310065,,,,,,
100066,110066,200066,210066,220066,300066,,,,,,
100067,110067,200067,210067,220067,300067,,,,,,
100068,110068,200068,210068,300068,310068,,,,,,
100069,110069,200069,210069,220069,300069,,,,,,
100070,110070,200070,210070,220070,230070,,,,,,
100071,110071,200071,210071,220071,230071,,,,,,
100072,110072,200072,210072,220072,300072,,,,,,
100073,110073,200073,210073,220073,300073,,,,,,
100074,110074,200074,210074,220074,230074,,,,,,
100075,110075,200075,210075,220075,230075,,,,,,
100076,110076,200076,210076,220076,300076,,,,,,
100077,110077,200077,210077,300077,310077,,,,,,
100078,110078,200078,210078,220078,300078,,,,,,
100079,110079,200079,210079,220079,300079,,,,,,
100080,110080,200080,210080,300080,310080,,,,,,
100081,110081,200081,210081,300081,310081,320081,330081,340081,350081,360081,370081
100082,110082,200082,210082,220082,300082,310082,,,,,
100083,110083,200083,210083,220083,300083,310083,,,,,
100084,110084,200084,210084,300084,310084,320084,330084,340084,350084,360084,370084
100085,110085,200085,210085,220085,300085,310085,,,,,
100086,110086,200086,210086,220086,230086,,,,,,
100087,110087,200087,210087,220087,230087,,,,,,
100088,110088,200088,210088,220088,300088,310088,,,,,
100089,110089,200089,210089,220089,300089,310089,,,,,
100090,110090,200090,210090,220090,230090,,,,,,
100091,110091,200091,210091,220091,230091,,,,,,
100092,110092,200092,210092,220092,300092,310092,,,,,
100093,110093,200093,210093,300093,310093,320093,330093,340093,350093,360093,370093
100094,110094,200094,210094,220094,300094,310094,,,,,
100095,110095,200095,210095,220095,300095,310095,,,,,
100096,110096,200096,210096,300096,310096,320096,330096,340096,350096,360096,370096
100097,110097,200097,210097,300097,310097,,,,,,
100098,110098,200098,210098,220098,300098,,,,,,
100099,110099,200099,210099,220099,300099,,,,,,
100100,110100,200100,210100,300100,310100,,,,,,
100101,110101,200101,210101,220101,300101,,,,,,
100102,110102,200102,210102,220102,230102,,,,,,
100103,110103,200103,210103,220103,230103,,,,,,
100104,110104,200104,210104,220104,300104,,,,,,
100105,110105,200105,210105,220105,300105,,,,,,
100106,110106,200106,210106,220106,230106,,,,,,
100107,110107,200107,210107,220107,230107,,,,,,
100108,110108,200108,210108,220108,300108,,,,,,
100109,110109,200109,210109,300109,310109,,,,,,
100110,110110,200110,210110,220110,300110,,,,,,
100111,110111,200111,210111,220111,300111,,,,,,
100112,110112,200112,210112,300112,310112,,,,,,
100113,110113,200113,210113,300113,310113,320113,330113,340113,350113,360113,370113
100114,110114,200114,210114,220114,300114,310114,,,,,
100115,110115,200115,210115,220115,300115,310115,,,,,
100116,110116,200116,210116,300116,310116,320116,330116,340116,350116,360116,370116
100117,110117,200117,210117,220117,300117,310117,,,,,
100118,110118,200118,210118,220118,230118,,,,,,
100119,110119,200119,210119,220119,230119,,,,,,
100120,110120,200120,210120,220120,300120,310120,,,,,
100121,110121,200121,210121,220121,300121,310121,,,,,
100122,110122,200122,210122,220122,230122,,,,,,
100123,110123,200123,210123,220123,230123,,,,,,
100124,110124,200124,210124,220124,300124,310124,,,,,
100125,110125,200125,210125,300125,310125,320125,330125,340125,350125,360125,370125
100126,110126,200126,210126,220126,300126,310126,,,,,
100127,110127,200127,210127,220127,300127,310127,,,,,
100128,110128,200128,210128,300128,310128,320128,330128,340128,350128,360128,370128
100129,110129,200129,210129,300129,310129,,,,,,
100130,110130,200130,210130,220130,300130,,,,,,
100131,110131,200131,210131,220131,300131,,,,,,
100132,110132,200132,210132,300132,310132,,,,,,
100133,110133,200133,210133,220133,300133,,,,,,
100134,110134,200134,210134,220134,230134,,,,,,
100135,110135,200135,210135,220135,230135,,,,,,
100136,110136,200136,210136,220136,300136,,,,,,
100137,110137,200137,210137,220137,300137,,,,,,
100138,110138,200138,210138,220138,230138,,,,,,
100139,110139,200139,210139,220139,230139,,,,,,
100140,110140,200140,210140,220140,300140,,,,,,
100141,110141,200141,210141,300141,310141,,,,,,
100142,110142,200142,210142,220142,300142,,,,,,
100143,110143,200143,210143,220143,300143,,,,,,
100144,110144,200144,210144,300144,310144,,,,,,
100145,110145,200145,210145,300145,310145,320145,330145,340145,350145,360145,370145
100146,110146,200146,210146,220146,300146,310146,,,,,
100147,110147,200147,210147,220147,300147,310147,,,,,
100148,110148,200148,210148,300148,310148,320148,330148,340148,350148,360148,370148
100149,110149,200149,210149,220149,300149,310149,,,,,
100150,110150,200150,210150,220150,230150,,,,,,
100151,110151,200151,210151,220151,230151,,,,,,
100152,110152,200152,210152,220152,300152,310152,,,,,
100153,110153,200153,210153,220153,300153,310153,,,,,
100154,110154,200154,210154,220154,230154,,,,,,
100155,110155,200155,210155,220155,230155,,,,,,
100156,110156,200156,210156,220156,300156,310156,,,,,
100157,110157,200157,210157,300157,310157,320157,330157,340157,350157,360157,370157
100158,110158,200158,210158,220158,300158,310158,,,,,
100159,110159,200159,210159,220159,300159,310159,,,,,
100160,110160,200160,210160,300160,310160,320160,330160,340160,350160,360160,370160
100161,110161,200161,210161,300161,310161,,,,,,
100162,110162,200162,210162,220162,300162,,,,,,
100163,110163,200163,210163,220163,300163,,,,,,
100164,110164,200164,210164,300164,310164,,,,,,
100165,110165,200165,210165,220165,300165,,,,,,
100166,110166,200166,210166,220166,230166,,,,,,
100167,110167,200167,210167,220167,230167,,,,,,
100168,110168,200168,210168,220168,300168,,,,,,
100169,110169,200169,210169,220169,300169,,,,,,
100170,110170,200170,210170,220170,230170,,,,,,
100171,110171,200171,210171,220171,230171,,,,,,
100172,110172,200172,210172,220172,300172,,,,,,
100173,110173,200173,210173,300173,310173,,,,,,
100174,110174,200174,210174,220174,300174,,,,,,
100175,110175,200175,210175,220175,300175,,,,,,
100176,110176,200176,210176,300176,310176,,,,,,
100177,110177,200177,210177,300177,310177,320177,330177,340177,350177,360177,370177
100178,110178,200178,210178,220178,300178,310178,,,,,
100179,110179,200179,210179,220179,300179,310179,,,,,
100180,110180,200180,210180,300180,310180,320180,330180,340180,350180,360180,370180
100181,110181,200181,210181,220181,300181,310181,,,,,
100182,110182,200182,210182,220182,230182,,,,,,
100183,110183,200183,210183,220183,230183,,,,,,
100184,110184,200184,210184,220184,300184,310184,,,,,
100185,110185,200185,210185,220185,300185,310185,,,,,
100186,110186,200186,210186,220186,230186,,,,,,
100187,110187,200187,210187,220187,230187,,,,,,
100188,110188,200188,210188,220188,300188,310188,,,,,
100189,110189,200189,210189,300189,310189,320189,330189,340189,350189,360189,370189
100190,110190,200190,210190,220190,300190,310190,,,,,
100191,110191,200191,210191,220191,300191,310191,,,,,
100192,110192,200192,210192,300192,310192,320192,330192,340192,350192,360192,370192
100193,110193,200193,210193,300193,310193,,,,,,
100194,110194,200194,210194,220194,300194,,,,,,
100195,110195,200195,210195,220195,300195,,,,,,
100196,110196,200196,210196,300196,310196,,,,,,
100197,110197,200197,210197,220197,300197,,,,,,
100198,110198,200198,210198,220198,230198,,,,,,
100199,110199,200199,210199,220199,230199,,,,,,
100200,110200,200200,210200,220200,300200,,,,,,
100201,110201,200201,210201,220201,300201,,,,,,
100202,110202,200202,210202,220202,230202,,,,,,
100203,110203,200203,210203,220203,230203,,,,,,
100204,110204,200204,210204,220204,300204,,,,,,
100205,110205,200205,210205,300205,310205,,,,,,
100206,110206,200206,210206,220206,300206,,,,,,
100207,110207,200207,210207,220207,300207,,,,,,
100208,110208,200208,210208,300208,310208,,,,,,
100209,110209,200209,210209,300209,310209,320209,330209,340209,350209,360209,370209
100210,110210,200210,210210,220210,300210,310210,,,,,
100211,110211,200211,210211,220211,300211,310211,,,,,
100212,110212,200212,210212,300212,310212,320212,330212,340212,350212,360212,370212
100213,110213,200213,210213,220213,300213,310213,,,,,
100214,110214,200214,210214,220214,230214,,,,,,
100215,110215,200215,210215,220215,230215,,,,,,
100216,110216,200216,210216,220216,300216,310216,,,,,
100217,110217,200217,210217,220217,300217,310217,,,,,
100218,110218,200218,210218,220218,230218,,,,,,
100219,110219,200219,210219,220219,230219,,,,,,
100220,110220,200220,210220,220220,300220,310220,,,,,
100221,110221,200221,210221,300221,310221,320221,330221,340221,350221,360221,370221
100222,110222,200222,210222,220222,300222,310222,,,,,
100223,110223,200223,210223,220223,300223,310223,,,,,
100224,110224,200224,210224,300224,310224,320224,330224,340224,350224,360224,370224
100225,110225,200225,210225,300225,310225,,,,,,
100226,110226,200226,210226,220226,300226,,,,,,
100227,110227,200227,210227,220227,300227,,,,,,
100228,110228,200228,210228,300228,310228,,,,,,
100229,110229,200229,210229,220229,300229,,,,,,
100230,110230,200230,210230,220230,230230,,,,,,
100231,110231,200231,210231,220231,230231,,,,,,
100232,110232,200232,210232,220232,300232,,,,,,
100233,110233,200233,210233,220233,300233,,,,,,
100234,110234,200234,210234,220234,230234,,,,,,
100235,110235,200235,210235,220235,230235,,,,,,
100236,110236,200236,210236,220236,300236,,,,,,
100237,110237,200237,210237,300237,310237,,,,,,
100238,110238,200238,210238,220238,300238,,,,,,
100239,110239,200239,210239,220239,300239,,,,,,
100240,110240,200240,210240,300240,310240,,,,,,
100241,110241,200241,210241,300241,310241,320241,330241,340241,350241,360241,370241
100242,110242,200242,210242,220242,300242,310242,,,,,
100243,110243,200243,210243,220243,300243,310243,,,,,
100244,110244,200244,210244,300244,310244,320244,330244,340244,350244,360244,370244
100245,110245,200245,210245,220245,300245,310245,,,,,
100246,110246,200246,210246,220246,230246,,,,,,
100247,110247,200247,210247,220247,230247,,,,,,
100248,110248,200248,210248,220248,300248,310248,,,,,
100249,110249,200249,210249,220249,300249,310249,,,,,
100250,110250,200250,210250,220250,230250,,,,,,
100251,110251,200251,210251,220251,230251,,,,,,
100252,110252,200252,210252,220252,300252,310252,,,,,
100253,110253,200253,210253,300253,310253,320253,330253,340253,350253,360253,370253
100254,110254,200254,210254,220254,300254,310254,,,,,
100255,110255,200255,210255,220255,300255,310255,,,,,
100256,110256,200256,210256,300256,310256,320256,330256,340256,350256,360256,370256
100257,110257,200257,210257,300257,310257,,,,,,
100258,110258,200258,210258,220258,300258,310258,,,,,
100259,110259,200259,210259,220259,300259,310259,,,,,
100260,110260,200260,210260,300260,310260,,,,,,
100261,110261,200261,210261,220261,300261,310261,,,,,
100262,110262,200262,210262,220262,230262,,,,,,
100263,110263,200263,210263,220263,230263,,,,,,
100264,110264,200264,210264,220264,300264,310264,,,,,
100265,110265,200265,210265,220265,300265,310265,,,,,
100266,110266,200266,210266,220266,230266,,,,,,
100267,110267,200267,210267,220267,230267,,,,,,
100268,110268,200268,210268,220268,300268,310268,,,,,
100269,110269,200269,210269,300269,310269,,,,,,
100270,110270,200270,210270,220270,300270,310270,,,,,
100271,110271,200271,210271,220271,300271,310271,,,,,
100272,110272,200272,210272,300272,310272,,,,,,
100273,110273,200273,210273,300273,310273,320273,330273,340273,350273,,
100274,200274,210274,220274,300274,310274,,,,,,
100275,200275,210275,220275,300275,310275,,,,,,
100276,110276,200276,210276,300276,310276,320276,330276,340276,350276,,
100277,200277,210277,220277,300277,310277,,,,,,
100278,200278,210278,220278,230278,,,,,,,
100279,200279,210279,220279,230279,,,,,,,
100280,200280,210280,220280,300280,310280,,,,,,
100281,200281,210281,220281,300281,310281,,,,,,
100282,200282,210282,220282,230282,,,,,,,
100283,200283,210283,220283,230283,,,,,,,
100284,200284,210284,220284,300284,310284,,,,,,
100285,110285,200285,210285,300285,310285,320285,330285,340285,350285,,
100286,200286,210286,220286,300286,310286,,,,,,
100287,200287,210287,220287,300287,310287,,,,,,
100288,110288,200288,210288,300288,310288,320288,330288,340288,350288,,
100289,110289,,,,,,,,,,
100290,110290,,,,,,,,,,
100291,110291,,,,,,,,,,
100292,110292,,,,,,,,,,
100293,110293,,,,,,,,,,
100294,110294,,,,,,,,,,
100295,110295,,,,,,,,,,
100296,110296,,,,,,,,,,
100297,110297,,,,,,,,,,
100298,110298,,,,,,,,,,
100299,110299,,,,,,,,,,
100300,110300,,,,,,,,,,
100301,110301,,,,,,,,,,
100302,110302,,,,,,,,,,
100303,110303,,,,,,,,,,
100304,110304,,,,,,,,,,
100305,110305,,,,,,,,,,
100306,110306,,,,,,,,,,
100307,110307,,,,,,,,,,
100308,110308,,,,,,,,,,
100309,110309,,,,,,,,,,
100310,110310,,,,,,,,,,
100311,110311,,,,,,,,,,
100312,110312,,,,,,,,,,
100317,110317,,,,,,,,,,
100318,110318,,,,,,,,,,
100319,110319,,,,,,,,,,
100320,110320,,,,,,,,,,
100321,110321,,,,,,,,,,
100322,110322,,,,,,,,,,
100323,110323,,,,,,,,,,
100324,110324,,,,,,,,,,
100325,110325,,,,,,,,,,
100326,110326,,,,,,,,,,
100327,110327,,,,,,,,,,
100328,110328,,,,,,,,,,
100329,110329,,,,,,,,,,
100330,110330,,,,,,,,,,
100331,110331,,,,,,,,,,
100332,110332,,,,,,,,,,
100333,110333,,,,,,,,,,
100334,110334,,,,,,,,,,
100335,110335,,,,,,,,,,
100336,110336,,,,,,,,,,
100337,110337,,,,,,,,,,
100338,110338,,,,,,,,,,
100339,110339,,,,,,,,,,
100340,110340,,,,,,,,,,
100341,110341,,,,,,,,,,
100342,110342,,,,,,,,,,
100343,110343,,,,,,,,,,
100344,110344,,,,,,,,,,
100345,110345,,,,,,,,,,
100346,110346,,,,,,,,,,
100347,110347,,,,,,,,,,
100348,110348,,,,,,,,,,
100349,110349,,,,,,,,,,
100350,110350,,,,,,,,,,
100351,110351,,,,,,,,,,
100352,110352,,,,,,,,,,
100353,110353,,,,,,,,,,
100354,110354,,,,,,,,,,
100355,110355,,,,,,,,,,
100356,110356,,,,,,,,,,
100357,110357,,,,,,,,,,
100358,110358,,,,,,,,,,
100359,110359,,,,,,,,,,
100360,110360,,,,,,,,,,
100361,110361,,,,,,,,,,
100362,110362,,,,,,,,,,
100363,110363,,,,,,,,,,
100364,110364,,,,,,,,,,
100365,110365,,,,,,,,,,
100366,110366,,,,,,,,,,
100367,110367,,,,,,,,,,
100368,110368,,,,,,,,,,
100369,110369,,,,,,,,,,
100370,110370,,,,,,,,,,
100371,110371,,,,,,,,,,
100372,110372,,,,,,,,,,
100373,110373,,,,,,,,,,
100374,110374,,,,,,,,,,
100375,110375,,,,,,,,,,
100376,110376,,,,,,,,,,
100377,110377,300377,310377,,,,,,,,
100378,110378,300378,310378,,,,,,,,
100379,110379,300379,,,,,,,,,
100380,110380,300380,,,,,,,,,
100381,110381,200381,210381,,,,,,,,
200382,210382,220382,,,,,,,,,
200383,210383,220383,,,,,,,,,
100384,110384,200384,210384,,,,,,,,
200385,210385,300385,310385,320385,,,,,,,
200386,210386,300386,310386,,,,,,,,
200387,210387,300387,310387,320387,,,,,,,
200388,210388,300388,310388,320388,,,,,,,
200389,210389,300389,310389,,,,,,,,
200390,210390,300390,310390,320390,,,,,,,
100391,110391,200391,210391,300391,,,,,,,
200392,210392,220392,,,,,,,,,
200393,210393,220393,,,,,,,,,
100394,110394,200394,210394,300394,,,,,,,
200395,210395,300395,310395,320395,,,,,,,
200396,210396,300396,310396,,,,,,,,
200397,210397,300397,310397,320397,,,,,,,
200398,210398,300398,310398,320398,,,,,,,
200399,210399,300399,310399,,,,,,,,
200400,210400,300400,310400,320400,,,,,,,
100401,200401,210401,300401,310401,,,,,,,
200402,210402,220402,,,,,,,,,
200403,210403,220403,300403,310403,,,,,,,
200404,210404,220404,300404,310404,,,,,,,
200405,210405,220405,,,,,,,,,
200406,210406,220406,,,,,,,,,
200407,210407,220407,300407,310407,,,,,,,
200408,210408,220408,300408,310408,,,,,,,
200409,210409,220409,,,,,,,,,
100410,200410,210410,300410,310410,,,,,,,
100411,200411,210411,300411,310411,,,,,,,
200412,210412,300412,310412,,,,,,,,
200413,210413,300413,310413,,,,,,,,
100414,200414,210414,300414,310414,,,,,,,
200415,210415,300415,310415,,,,,,,,
200416,210416,300416,310416,,,,,,,,
100417,200417,210417,220417,230417,300417,310417,,,,,
100418,200418,210418,220418,230418,300418,310418,,,,,
100419,200419,210419,220419,230419,300419,310419,,,,,
100420,200420,210420,220420,230420,300420,310420,,,,,
200421,210421,220421,,,,,,,,,
200422,210422,220422,,,,,,,,,
200423,210423,220423,,,,,,,,,
200424,210424,220424,,,,,,,,,
200425,210425,220425,,,,,,,,,
100426,110426,200426,210426,300426,310426,,,,,,
100427,110427,200427,210427,300427,310427,,,,,,
200428,210428,220428,,,,,,,,,
200429,210429,220429,,,,,,,,,
100430,110430,200430,210430,300430,310430,,,,,,
100431,110431,200431,210431,300431,310431,,,,,,
200432,210432,220432,,,,,,,,,
200441,210441,220441,,,,,,,,,
100442,110442,200442,210442,300442,310442,320442,330442,,,,
100443,110443,200443,210443,300443,310443,320443,330443,,,,
200444,210444,220444,,,,,,,,,
200445,210445,220445,,,,,,,,,
100446,110446,200446,210446,300446,310446,320446,330446,,,,
100447,110447,200447,210447,300447,310447,320447,330447,,,,
200448,210448,220448,,,,,,,,,
100449,110449,200449,210449,300449,310449,320449,330449,,,,
100450,110450,200450,210450,300450,310450,320450,330450,,,,
100451,110451,200451,210451,300451,310451,320451,330451,,,,
100452,110452,200452,210452,300452,310452,320452,330452,,,,
100453,110453,200453,210453,300453,310453,,,,,,
100454,110454,200454,210454,300454,310454,,,,,,
100455,110455,200455,210455,300455,310455,,,,,,
100456,110456,200456,210456,300456,310456,,,,,,
100457,200457,210457,,,,,,,,,
100458,200458,210458,,,,,,,,,
100459,200459,210459,,,,,,,,,
100460,200460,210460,,,,,,,,,
