100001,300001.0,310001.0,,,,,,,,,
100002,300002.0,310002.0,,,,,,,,,
100003,300003.0,310003.0,,,,,,,,,
100004,300004.0,310004.0,,,,,,,,,
100005,300005.0,310005.0,,,,,,,,,
100006,,,,,,,,,,,
100007,,,,,,,,,,,
100008,300008.0,310008.0,,,,,,,,,
100009,300009.0,310009.0,,,,,,,,,
100010,,,,,,,,,,,
100011,,,,,,,,,,,
100012,300012.0,310012.0,,,,,,,,,
100013,300013.0,310013.0,,,,,,,,,
100014,300014.0,310014.0,,,,,,,,,
100015,300015.0,310015.0,,,,,,,,,
100016,300016.0,310016.0,,,,,,,,,
100017,110017.0,200017.0,210017.0,300017.0,310017.0,320017.0,330017.0,340017.0,350017.0,,
100018,110018.0,200018.0,210018.0,220018.0,300018.0,310018.0,,,,,
100019,110019.0,200019.0,210019.0,220019.0,300019.0,310019.0,,,,,
100020,110020.0,200020.0,210020.0,300020.0,310020.0,320020.0,330020.0,340020.0,350020.0,,
100021,110021.0,200021.0,210021.0,220021.0,300021.0,310021.0,,,,,
100022,110022.0,200022.0,210022.0,220022.0,230022.0,,,,,,
100023,110023.0,200023.0,210023.0,220023.0,230023.0,,,,,,
100024,110024.0,200024.0,210024.0,220024.0,300024.0,310024.0,,,,,
100025,110025.0,200025.0,210025.0,220025.0,300025.0,310025.0,,,,,
100026,110026.0,200026.0,210026.0,220026.0,230026.0,,,,,,
100027,110027.0,200027.0,210027.0,220027.0,230027.0,,,,,,
100028,110028.0,200028.0,210028.0,220028.0,300028.0,310028.0,,,,,
100029,110029.0,200029.0,210029.0,300029.0,310029.0,320029.0,330029.0,340029.0,350029.0,,
100030,110030.0,200030.0,210030.0,220030.0,300030.0,310030.0,,,,,
100031,110031.0,200031.0,210031.0,220031.0,300031.0,310031.0,,,,,
100032,110032.0,200032.0,210032.0,300032.0,310032.0,320032.0,330032.0,340032.0,350032.0,,
100033,110033.0,200033.0,210033.0,300033.0,310033.0,,,,,,
100034,110034.0,200034.0,210034.0,220034.0,300034.0,,,,,,
100035,110035.0,200035.0,210035.0,220035.0,300035.0,,,,,,
100036,110036.0,200036.0,210036.0,300036.0,310036.0,,,,,,
100037,110037.0,200037.0,210037.0,220037.0,300037.0,,,,,,
100038,110038.0,200038.0,210038.0,220038.0,230038.0,,,,,,
100039,110039.0,200039.0,210039.0,220039.0,230039.0,,,,,,
100040,110040.0,200040.0,210040.0,220040.0,300040.0,,,,,,
100041,110041.0,200041.0,210041.0,220041.0,300041.0,,,,,,
100042,110042.0,200042.0,210042.0,220042.0,230042.0,,,,,,
100043,110043.0,200043.0,210043.0,220043.0,230043.0,,,,,,
100044,110044.0,200044.0,210044.0,220044.0,300044.0,,,,,,
100045,110045.0,200045.0,210045.0,300045.0,310045.0,,,,,,
100046,110046.0,200046.0,210046.0,220046.0,300046.0,,,,,,
100047,110047.0,200047.0,210047.0,220047.0,300047.0,,,,,,
100048,110048.0,200048.0,210048.0,300048.0,310048.0,,,,,,
100049,110049.0,200049.0,210049.0,300049.0,310049.0,320049.0,330049.0,340049.0,350049.0,360049.0,370049.0
100050,110050.0,200050.0,210050.0,220050.0,300050.0,310050.0,,,,,
100051,110051.0,200051.0,210051.0,220051.0,300051.0,310051.0,,,,,
100052,110052.0,200052.0,210052.0,300052.0,310052.0,320052.0,330052.0,340052.0,350052.0,360052.0,370052.0
100053,110053.0,200053.0,210053.0,220053.0,300053.0,310053.0,,,,,
100054,110054.0,200054.0,210054.0,220054.0,230054.0,,,,,,
100055,110055.0,200055.0,210055.0,220055.0,230055.0,,,,,,
100056,110056.0,200056.0,210056.0,220056.0,300056.0,310056.0,,,,,
100057,110057.0,200057.0,210057.0,220057.0,300057.0,310057.0,,,,,
100058,110058.0,200058.0,210058.0,220058.0,230058.0,,,,,,
100059,110059.0,200059.0,210059.0,220059.0,230059.0,,,,,,
100060,110060.0,200060.0,210060.0,220060.0,300060.0,310060.0,,,,,
100061,110061.0,200061.0,210061.0,300061.0,310061.0,320061.0,330061.0,340061.0,350061.0,360061.0,370061.0
100062,110062.0,200062.0,210062.0,220062.0,300062.0,310062.0,,,,,
100063,110063.0,200063.0,210063.0,220063.0,300063.0,310063.0,,,,,
100064,110064.0,200064.0,210064.0,300064.0,310064.0,320064.0,330064.0,340064.0,350064.0,360064.0,370064.0
100065,110065.0,200065.0,210065.0,300065.0,310065.0,,,,,,
100066,110066.0,200066.0,210066.0,220066.0,300066.0,,,,,,
100067,110067.0,200067.0,210067.0,220067.0,300067.0,,,,,,
100068,110068.0,200068.0,210068.0,300068.0,310068.0,,,,,,
100069,110069.0,200069.0,210069.0,220069.0,300069.0,,,,,,
100070,110070.0,200070.0,210070.0,220070.0,230070.0,,,,,,
100071,110071.0,200071.0,210071.0,220071.0,230071.0,,,,,,
100072,110072.0,200072.0,210072.0,220072.0,300072.0,,,,,,
100073,110073.0,200073.0,210073.0,220073.0,300073.0,,,,,,
100074,110074.0,200074.0,210074.0,220074.0,230074.0,,,,,,
100075,110075.0,200075.0,210075.0,220075.0,230075.0,,,,,,
100076,110076.0,200076.0,210076.0,220076.0,300076.0,,,,,,
100077,110077.0,200077.0,210077.0,300077.0,310077.0,,,,,,
100078,110078.0,200078.0,210078.0,220078.0,300078.0,,,,,,
100079,110079.0,200079.0,210079.0,220079.0,300079.0,,,,,,
100080,110080.0,200080.0,210080.0,300080.0,310080.0,,,,,,
100081,110081.0,200081.0,210081.0,300081.0,310081.0,320081.0,330081.0,340081.0,350081.0,360081.0,370081.0
100082,110082.0,200082.0,210082.0,220082.0,300082.0,310082.0,,,,,
100083,110083.0,200083.0,210083.0,220083.0,300083.0,310083.0,,,,,
100084,110084.0,200084.0,210084.0,300084.0,310084.0,320084.0,330084.0,340084.0,350084.0,360084.0,370084.0
100085,110085.0,200085.0,210085.0,220085.0,300085.0,310085.0,,,,,
100086,110086.0,200086.0,210086.0,220086.0,230086.0,,,,,,
100087,110087.0,200087.0,210087.0,220087.0,230087.0,,,,,,
100088,110088.0,200088.0,210088.0,220088.0,300088.0,310088.0,,,,,
100089,110089.0,200089.0,210089.0,220089.0,300089.0,310089.0,,,,,
100090,110090.0,200090.0,210090.0,220090.0,230090.0,,,,,,
100091,110091.0,200091.0,210091.0,220091.0,230091.0,,,,,,
100092,110092.0,200092.0,210092.0,220092.0,300092.0,310092.0,,,,,
100093,110093.0,200093.0,210093.0,300093.0,310093.0,320093.0,330093.0,340093.0,350093.0,360093.0,370093.0
100094,110094.0,200094.0,210094.0,220094.0,300094.0,310094.0,,,,,
100095,110095.0,200095.0,210095.0,220095.0,300095.0,310095.0,,,,,
100096,110096.0,200096.0,210096.0,300096.0,310096.0,320096.0,330096.0,340096.0,350096.0,360096.0,370096.0
100097,110097.0,200097.0,210097.0,300097.0,310097.0,,,,,,
100098,110098.0,200098.0,210098.0,220098.0,300098.0,,,,,,
100099,110099.0,200099.0,210099.0,220099.0,300099.0,,,,,,
100100,110100.0,200100.0,210100.0,300100.0,310100.0,,,,,,
100101,110101.0,200101.0,210101.0,220101.0,300101.0,,,,,,
100102,110102.0,200102.0,210102.0,220102.0,230102.0,,,,,,
100103,110103.0,200103.0,210103.0,220103.0,230103.0,,,,,,
100104,110104.0,200104.0,210104.0,220104.0,300104.0,,,,,,
100105,110105.0,200105.0,210105.0,220105.0,300105.0,,,,,,
100106,110106.0,200106.0,210106.0,220106.0,230106.0,,,,,,
100107,110107.0,200107.0,210107.0,220107.0,230107.0,,,,,,
100108,110108.0,200108.0,210108.0,220108.0,300108.0,,,,,,
100109,110109.0,200109.0,210109.0,300109.0,310109.0,,,,,,
100110,110110.0,200110.0,210110.0,220110.0,300110.0,,,,,,
100111,110111.0,200111.0,210111.0,220111.0,300111.0,,,,,,
100112,110112.0,200112.0,210112.0,300112.0,310112.0,,,,,,
100113,110113.0,200113.0,210113.0,300113.0,310113.0,320113.0,330113.0,340113.0,350113.0,360113.0,370113.0
100114,110114.0,200114.0,210114.0,220114.0,300114.0,310114.0,,,,,
100115,110115.0,200115.0,210115.0,220115.0,300115.0,310115.0,,,,,
100116,110116.0,200116.0,210116.0,300116.0,310116.0,320116.0,330116.0,340116.0,350116.0,360116.0,370116.0
100117,110117.0,200117.0,210117.0,220117.0,300117.0,310117.0,,,,,
100118,110118.0,200118.0,210118.0,220118.0,230118.0,,,,,,
100119,110119.0,200119.0,210119.0,220119.0,230119.0,,,,,,
100120,110120.0,200120.0,210120.0,220120.0,300120.0,310120.0,,,,,
100121,110121.0,200121.0,210121.0,220121.0,300121.0,310121.0,,,,,
100122,110122.0,200122.0,210122.0,220122.0,230122.0,,,,,,
100123,110123.0,200123.0,210123.0,220123.0,230123.0,,,,,,
100124,110124.0,200124.0,210124.0,220124.0,300124.0,310124.0,,,,,
100125,110125.0,200125.0,210125.0,300125.0,310125.0,320125.0,330125.0,340125.0,350125.0,360125.0,370125.0
100126,110126.0,200126.0,210126.0,220126.0,300126.0,310126.0,,,,,
100127,110127.0,200127.0,210127.0,220127.0,300127.0,310127.0,,,,,
100128,110128.0,200128.0,210128.0,300128.0,310128.0,320128.0,330128.0,340128.0,350128.0,360128.0,370128.0
100129,110129.0,200129.0,210129.0,300129.0,310129.0,,,,,,
100130,110130.0,200130.0,210130.0,220130.0,300130.0,,,,,,
100131,110131.0,200131.0,210131.0,220131.0,300131.0,,,,,,
100132,110132.0,200132.0,210132.0,300132.0,310132.0,,,,,,
100133,110133.0,200133.0,210133.0,220133.0,300133.0,,,,,,
100134,110134.0,200134.0,210134.0,220134.0,230134.0,,,,,,
100135,110135.0,200135.0,210135.0,220135.0,230135.0,,,,,,
100136,110136.0,200136.0,210136.0,220136.0,300136.0,,,,,,
100137,110137.0,200137.0,210137.0,220137.0,300137.0,,,,,,
100138,110138.0,200138.0,210138.0,220138.0,230138.0,,,,,,
100139,110139.0,200139.0,210139.0,220139.0,230139.0,,,,,,
100140,110140.0,200140.0,210140.0,220140.0,300140.0,,,,,,
100141,110141.0,200141.0,210141.0,300141.0,310141.0,,,,,,
100142,110142.0,200142.0,210142.0,220142.0,300142.0,,,,,,
100143,110143.0,200143.0,210143.0,220143.0,300143.0,,,,,,
100144,110144.0,200144.0,210144.0,300144.0,310144.0,,,,,,
100145,110145.0,200145.0,210145.0,300145.0,310145.0,320145.0,330145.0,340145.0,350145.0,360145.0,370145.0
100146,110146.0,200146.0,210146.0,220146.0,300146.0,310146.0,,,,,
100147,110147.0,200147.0,210147.0,220147.0,300147.0,310147.0,,,,,
100148,110148.0,200148.0,210148.0,300148.0,310148.0,320148.0,330148.0,340148.0,350148.0,360148.0,370148.0
100149,110149.0,200149.0,210149.0,220149.0,300149.0,310149.0,,,,,
100150,110150.0,200150.0,210150.0,220150.0,230150.0,,,,,,
100151,110151.0,200151.0,210151.0,220151.0,230151.0,,,,,,
100152,110152.0,200152.0,210152.0,220152.0,300152.0,310152.0,,,,,
100153,110153.0,200153.0,210153.0,220153.0,300153.0,310153.0,,,,,
100154,110154.0,200154.0,210154.0,220154.0,230154.0,,,,,,
100155,110155.0,200155.0,210155.0,220155.0,230155.0,,,,,,
100156,110156.0,200156.0,210156.0,220156.0,300156.0,310156.0,,,,,
100157,110157.0,200157.0,210157.0,300157.0,310157.0,320157.0,330157.0,340157.0,350157.0,360157.0,370157.0
100158,110158.0,200158.0,210158.0,220158.0,300158.0,310158.0,,,,,
100159,110159.0,200159.0,210159.0,220159.0,300159.0,310159.0,,,,,
100160,110160.0,200160.0,210160.0,300160.0,310160.0,320160.0,330160.0,340160.0,350160.0,360160.0,370160.0
100161,110161.0,200161.0,210161.0,300161.0,310161.0,,,,,,
100162,110162.0,200162.0,210162.0,220162.0,300162.0,,,,,,
100163,110163.0,200163.0,210163.0,220163.0,300163.0,,,,,,
100164,110164.0,200164.0,210164.0,300164.0,310164.0,,,,,,
100165,110165.0,200165.0,210165.0,220165.0,300165.0,,,,,,
100166,110166.0,200166.0,210166.0,220166.0,230166.0,,,,,,
100167,110167.0,200167.0,210167.0,220167.0,230167.0,,,,,,
100168,110168.0,200168.0,210168.0,220168.0,300168.0,,,,,,
100169,110169.0,200169.0,210169.0,220169.0,300169.0,,,,,,
100170,110170.0,200170.0,210170.0,220170.0,230170.0,,,,,,
100171,110171.0,200171.0,210171.0,220171.0,230171.0,,,,,,
100172,110172.0,200172.0,210172.0,220172.0,300172.0,,,,,,
100173,110173.0,200173.0,210173.0,300173.0,310173.0,,,,,,
100174,110174.0,200174.0,210174.0,220174.0,300174.0,,,,,,
100175,110175.0,200175.0,210175.0,220175.0,300175.0,,,,,,
100176,110176.0,200176.0,210176.0,300176.0,310176.0,,,,,,
100177,110177.0,200177.0,210177.0,300177.0,310177.0,320177.0,330177.0,340177.0,350177.0,360177.0,370177.0
100178,110178.0,200178.0,210178.0,220178.0,300178.0,310178.0,,,,,
100179,110179.0,200179.0,210179.0,220179.0,300179.0,310179.0,,,,,
100180,110180.0,200180.0,210180.0,300180.0,310180.0,320180.0,330180.0,340180.0,350180.0,360180.0,370180.0
100181,110181.0,200181.0,210181.0,220181.0,300181.0,310181.0,,,,,
100182,110182.0,200182.0,210182.0,220182.0,230182.0,,,,,,
100183,110183.0,200183.0,210183.0,220183.0,230183.0,,,,,,
100184,110184.0,200184.0,210184.0,220184.0,300184.0,310184.0,,,,,
100185,110185.0,200185.0,210185.0,220185.0,300185.0,310185.0,,,,,
100186,110186.0,200186.0,210186.0,220186.0,230186.0,,,,,,
100187,110187.0,200187.0,210187.0,220187.0,230187.0,,,,,,
100188,110188.0,200188.0,210188.0,220188.0,300188.0,310188.0,,,,,
100189,110189.0,200189.0,210189.0,300189.0,310189.0,320189.0,330189.0,340189.0,350189.0,360189.0,370189.0
100190,110190.0,200190.0,210190.0,220190.0,300190.0,310190.0,,,,,
100191,110191.0,200191.0,210191.0,220191.0,300191.0,310191.0,,,,,
100192,110192.0,200192.0,210192.0,300192.0,310192.0,320192.0,330192.0,340192.0,350192.0,360192.0,370192.0
100193,110193.0,200193.0,210193.0,300193.0,310193.0,,,,,,
100194,110194.0,200194.0,210194.0,220194.0,300194.0,,,,,,
100195,110195.0,200195.0,210195.0,220195.0,300195.0,,,,,,
100196,110196.0,200196.0,210196.0,300196.0,310196.0,,,,,,
100197,110197.0,200197.0,210197.0,220197.0,300197.0,,,,,,
100198,110198.0,200198.0,210198.0,220198.0,230198.0,,,,,,
100199,110199.0,200199.0,210199.0,220199.0,230199.0,,,,,,
100200,110200.0,200200.0,210200.0,220200.0,300200.0,,,,,,
100201,110201.0,200201.0,210201.0,220201.0,300201.0,,,,,,
100202,110202.0,200202.0,210202.0,220202.0,230202.0,,,,,,
100203,110203.0,200203.0,210203.0,220203.0,230203.0,,,,,,
100204,110204.0,200204.0,210204.0,220204.0,300204.0,,,,,,
100205,110205.0,200205.0,210205.0,300205.0,310205.0,,,,,,
100206,110206.0,200206.0,210206.0,220206.0,300206.0,,,,,,
100207,110207.0,200207.0,210207.0,220207.0,300207.0,,,,,,
100208,110208.0,200208.0,210208.0,300208.0,310208.0,,,,,,
100209,110209.0,200209.0,210209.0,300209.0,310209.0,320209.0,330209.0,340209.0,350209.0,360209.0,370209.0
100210,110210.0,200210.0,210210.0,220210.0,300210.0,310210.0,,,,,
100211,110211.0,200211.0,210211.0,220211.0,300211.0,310211.0,,,,,
100212,110212.0,200212.0,210212.0,300212.0,310212.0,320212.0,330212.0,340212.0,350212.0,360212.0,370212.0
100213,110213.0,200213.0,210213.0,220213.0,300213.0,310213.0,,,,,
100214,110214.0,200214.0,210214.0,220214.0,230214.0,,,,,,
100215,110215.0,200215.0,210215.0,220215.0,230215.0,,,,,,
100216,110216.0,200216.0,210216.0,220216.0,300216.0,310216.0,,,,,
100217,110217.0,200217.0,210217.0,220217.0,300217.0,310217.0,,,,,
100218,110218.0,200218.0,210218.0,220218.0,230218.0,,,,,,
100219,110219.0,200219.0,210219.0,220219.0,230219.0,,,,,,
100220,110220.0,200220.0,210220.0,220220.0,300220.0,310220.0,,,,,
100221,110221.0,200221.0,210221.0,300221.0,310221.0,320221.0,330221.0,340221.0,350221.0,360221.0,370221.0
100222,110222.0,200222.0,210222.0,220222.0,300222.0,310222.0,,,,,
100223,110223.0,200223.0,210223.0,220223.0,300223.0,310223.0,,,,,
100224,110224.0,200224.0,210224.0,300224.0,310224.0,320224.0,330224.0,340224.0,350224.0,360224.0,370224.0
100225,110225.0,200225.0,210225.0,300225.0,310225.0,,,,,,
100226,110226.0,200226.0,210226.0,220226.0,300226.0,,,,,,
100227,110227.0,200227.0,210227.0,220227.0,300227.0,,,,,,
100228,110228.0,200228.0,210228.0,300228.0,310228.0,,,,,,
100229,110229.0,200229.0,210229.0,220229.0,300229.0,,,,,,
100230,110230.0,200230.0,210230.0,220230.0,230230.0,,,,,,
100231,110231.0,200231.0,210231.0,220231.0,230231.0,,,,,,
100232,110232.0,200232.0,210232.0,220232.0,300232.0,,,,,,
100233,110233.0,200233.0,210233.0,220233.0,300233.0,,,,,,
100234,110234.0,200234.0,210234.0,220234.0,230234.0,,,,,,
100235,110235.0,200235.0,210235.0,220235.0,230235.0,,,,,,
100236,110236.0,200236.0,210236.0,220236.0,300236.0,,,,,,
100237,110237.0,200237.0,210237.0,300237.0,310237.0,,,,,,
100238,110238.0,200238.0,210238.0,220238.0,300238.0,,,,,,
100239,110239.0,200239.0,210239.0,220239.0,300239.0,,,,,,
100240,110240.0,200240.0,210240.0,300240.0,310240.0,,,,,,
100241,110241.0,200241.0,210241.0,300241.0,310241.0,320241.0,330241.0,340241.0,350241.0,360241.0,370241.0
100242,110242.0,200242.0,210242.0,220242.0,300242.0,310242.0,,,,,
100243,110243.0,200243.0,210243.0,220243.0,300243.0,310243.0,,,,,
100244,110244.0,200244.0,210244.0,300244.0,310244.0,320244.0,330244.0,340244.0,350244.0,360244.0,370244.0
100245,110245.0,200245.0,210245.0,220245.0,300245.0,310245.0,,,,,
100246,110246.0,200246.0,210246.0,220246.0,230246.0,,,,,,
100247,110247.0,200247.0,210247.0,220247.0,230247.0,,,,,,
100248,110248.0,200248.0,210248.0,220248.0,300248.0,310248.0,,,,,
100249,110249.0,200249.0,210249.0,220249.0,300249.0,310249.0,,,,,
100250,110250.0,200250.0,210250.0,220250.0,230250.0,,,,,,
100251,110251.0,200251.0,210251.0,220251.0,230251.0,,,,,,
100252,110252.0,200252.0,210252.0,220252.0,300252.0,310252.0,,,,,
100253,110253.0,200253.0,210253.0,300253.0,310253.0,320253.0,330253.0,340253.0,350253.0,360253.0,370253.0
100254,110254.0,200254.0,210254.0,220254.0,300254.0,310254.0,,,,,
100255,110255.0,200255.0,210255.0,220255.0,300255.0,310255.0,,,,,
100256,110256.0,200256.0,210256.0,300256.0,310256.0,320256.0,330256.0,340256.0,350256.0,360256.0,370256.0
100257,110257.0,200257.0,210257.0,300257.0,310257.0,,,,,,
100258,110258.0,200258.0,210258.0,220258.0,300258.0,310258.0,,,,,
100259,110259.0,200259.0,210259.0,220259.0,300259.0,310259.0,,,,,
100260,110260.0,200260.0,210260.0,300260.0,310260.0,,,,,,
100261,110261.0,200261.0,210261.0,220261.0,300261.0,310261.0,,,,,
100262,110262.0,200262.0,210262.0,220262.0,230262.0,,,,,,
100263,110263.0,200263.0,210263.0,220263.0,230263.0,,,,,,
100264,110264.0,200264.0,210264.0,220264.0,300264.0,310264.0,,,,,
100265,110265.0,200265.0,210265.0,220265.0,300265.0,310265.0,,,,,
100266,110266.0,200266.0,210266.0,220266.0,230266.0,,,,,,
100267,110267.0,200267.0,210267.0,220267.0,230267.0,,,,,,
100268,110268.0,200268.0,210268.0,220268.0,300268.0,310268.0,,,,,
100269,110269.0,200269.0,210269.0,300269.0,310269.0,,,,,,
100270,110270.0,200270.0,210270.0,220270.0,300270.0,310270.0,,,,,
100271,110271.0,200271.0,210271.0,220271.0,300271.0,310271.0,,,,,
100272,110272.0,200272.0,210272.0,300272.0,310272.0,,,,,,
100273,110273.0,200273.0,210273.0,300273.0,310273.0,320273.0,330273.0,340273.0,350273.0,,
100274,200274.0,210274.0,220274.0,300274.0,310274.0,,,,,,
100275,200275.0,210275.0,220275.0,300275.0,310275.0,,,,,,
100276,110276.0,200276.0,210276.0,300276.0,310276.0,320276.0,330276.0,340276.0,350276.0,,
100277,200277.0,210277.0,220277.0,300277.0,310277.0,,,,,,
100278,200278.0,210278.0,220278.0,230278.0,,,,,,,
100279,200279.0,210279.0,220279.0,230279.0,,,,,,,
100280,200280.0,210280.0,220280.0,300280.0,310280.0,,,,,,
100281,200281.0,210281.0,220281.0,300281.0,310281.0,,,,,,
100282,200282.0,210282.0,220282.0,230282.0,,,,,,,
100283,200283.0,210283.0,220283.0,230283.0,,,,,,,
100284,200284.0,210284.0,220284.0,300284.0,310284.0,,,,,,
100285,110285.0,200285.0,210285.0,300285.0,310285.0,320285.0,330285.0,340285.0,350285.0,,
100286,200286.0,210286.0,220286.0,300286.0,310286.0,,,,,,
100287,200287.0,210287.0,220287.0,300287.0,310287.0,,,,,,
100288,110288.0,200288.0,210288.0,300288.0,310288.0,320288.0,330288.0,340288.0,350288.0,,
100289,110289.0,,,,,,,,,,
100290,110290.0,,,,,,,,,,
100291,110291.0,,,,,,,,,,
100292,110292.0,,,,,,,,,,
100293,110293.0,,,,,,,,,,
100294,110294.0,,,,,,,,,,
100295,110295.0,,,,,,,,,,
100296,110296.0,,,,,,,,,,
100297,110297.0,,,,,,,,,,
100298,110298.0,,,,,,,,,,
100299,110299.0,,,,,,,,,,
100300,110300.0,,,,,,,,,,
100301,110301.0,,,,,,,,,,
100302,110302.0,,,,,,,,,,
100303,110303.0,,,,,,,,,,
100304,110304.0,,,,,,,,,,
100305,110305.0,,,,,,,,,,
100306,110306.0,,,,,,,,,,
100307,110307.0,,,,,,,,,,
100308,110308.0,,,,,,,,,,
100309,110309.0,,,,,,,,,,
100310,110310.0,,,,,,,,,,
100311,110311.0,,,,,,,,,,
100312,110312.0,,,,,,,,,,
100317,110317.0,,,,,,,,,,
100318,110318.0,,,,,,,,,,
100319,110319.0,,,,,,,,,,
100320,110320.0,,,,,,,,,,
100321,110321.0,,,,,,,,,,
100322,110322.0,,,,,,,,,,
100323,110323.0,,,,,,,,,,
100324,110324.0,,,,,,,,,,
100325,110325.0,,,,,,,,,,
100326,110326.0,,,,,,,,,,
100327,110327.0,,,,,,,,,,
100328,110328.0,,,,,,,,,,
100329,110329.0,,,,,,,,,,
100330,110330.0,,,,,,,,,,
100331,110331.0,,,,,,,,,,
100332,110332.0,,,,,,,,,,
100333,110333.0,,,,,,,,,,
100334,110334.0,,,,,,,,,,
100335,110335.0,,,,,,,,,,
100336,110336.0,,,,,,,,,,
100337,110337.0,,,,,,,,,,
100338,110338.0,,,,,,,,,,
100339,110339.0,,,,,,,,,,
100340,110340.0,,,,,,,,,,
100341,110341.0,,,,,,,,,,
100342,110342.0,,,,,,,,,,
100343,110343.0,,,,,,,,,,
100344,110344.0,,,,,,,,,,
100345,110345.0,,,,,,,,,,
100346,110346.0,,,,,,,,,,
100347,110347.0,,,,,,,,,,
100348,110348.0,,,,,,,,,,
100349,110349.0,,,,,,,,,,
100350,110350.0,,,,,,,,,,
100351,110351.0,,,,,,,,,,
100352,110352.0,,,,,,,,,,
100353,110353.0,,,,,,,,,,
100354,110354.0,,,,,,,,,,
100355,110355.0,,,,,,,,,,
100356,110356.0,,,,,,,,,,
100357,110357.0,,,,,,,,,,
100358,110358.0,,,,,,,,,,
100359,110359.0,,,,,,,,,,
100360,110360.0,,,,,,,,,,
100361,110361.0,,,,,,,,,,
100362,110362.0,,,,,,,,,,
100363,110363.0,,,,,,,,,,
100364,110364.0,,,,,,,,,,
100365,110365.0,,,,,,,,,,
100366,110366.0,,,,,,,,,,
100367,110367.0,,,,,,,,,,
100368,110368.0,,,,,,,,,,
100369,110369.0,,,,,,,,,,
100370,110370.0,,,,,,,,,,
100371,110371.0,,,,,,,,,,
100372,110372.0,,,,,,,,,,
100373,110373.0,,,,,,,,,,
100374,110374.0,,,,,,,,,,
100375,110375.0,,,,,,,,,,
100376,110376.0,,,,,,,,,,
100377,110377.0,300377.0,310377.0,,,,,,,,
100378,110378.0,300378.0,310378.0,,,,,,,,
100379,110379.0,300379.0,,,,,,,,,
100380,110380.0,300380.0,,,,,,,,,
100381,110381.0,200381.0,210381.0,,,,,,,,
200382,210382.0,220382.0,,,,,,,,,
200383,210383.0,220383.0,,,,,,,,,
100384,110384.0,200384.0,210384.0,,,,,,,,
200385,210385.0,300385.0,310385.0,320385.0,,,,,,,
200386,210386.0,300386.0,310386.0,,,,,,,,
200387,210387.0,300387.0,310387.0,320387.0,,,,,,,
200388,210388.0,300388.0,310388.0,320388.0,,,,,,,
200389,210389.0,300389.0,310389.0,,,,,,,,
200390,210390.0,300390.0,310390.0,320390.0,,,,,,,
100391,110391.0,200391.0,210391.0,300391.0,,,,,,,
200392,210392.0,220392.0,,,,,,,,,
200393,210393.0,220393.0,,,,,,,,,
100394,110394.0,200394.0,210394.0,300394.0,,,,,,,
200395,210395.0,300395.0,310395.0,320395.0,,,,,,,
200396,210396.0,300396.0,310396.0,,,,,,,,
200397,210397.0,300397.0,310397.0,320397.0,,,,,,,
200398,210398.0,300398.0,310398.0,320398.0,,,,,,,
200399,210399.0,300399.0,310399.0,,,,,,,,
200400,210400.0,300400.0,310400.0,320400.0,,,,,,,
100401,200401.0,210401.0,300401.0,310401.0,,,,,,,
200402,210402.0,220402.0,,,,,,,,,
200403,210403.0,220403.0,300403.0,310403.0,,,,,,,
200404,210404.0,220404.0,300404.0,310404.0,,,,,,,
200405,210405.0,220405.0,,,,,,,,,
200406,210406.0,220406.0,,,,,,,,,
200407,210407.0,220407.0,300407.0,310407.0,,,,,,,
200408,210408.0,220408.0,300408.0,310408.0,,,,,,,
200409,210409.0,220409.0,,,,,,,,,
100410,200410.0,210410.0,300410.0,310410.0,,,,,,,
100411,200411.0,210411.0,300411.0,310411.0,,,,,,,
200412,210412.0,300412.0,310412.0,,,,,,,,
200413,210413.0,300413.0,310413.0,,,,,,,,
100414,200414.0,210414.0,300414.0,310414.0,,,,,,,
200415,210415.0,300415.0,310415.0,,,,,,,,
200416,210416.0,300416.0,310416.0,,,,,,,,
100417,200417.0,210417.0,220417.0,230417.0,300417.0,310417.0,,,,,
100418,200418.0,210418.0,220418.0,230418.0,300418.0,310418.0,,,,,
100419,200419.0,210419.0,220419.0,230419.0,300419.0,310419.0,,,,,
100420,200420.0,210420.0,220420.0,230420.0,300420.0,310420.0,,,,,
200421,210421.0,220421.0,,,,,,,,,
200422,210422.0,220422.0,,,,,,,,,
200423,210423.0,220423.0,,,,,,,,,
200424,210424.0,220424.0,,,,,,,,,
200425,210425.0,220425.0,,,,,,,,,
100426,110426.0,200426.0,210426.0,300426.0,310426.0,,,,,,
100427,110427.0,200427.0,210427.0,300427.0,310427.0,,,,,,
200428,210428.0,220428.0,,,,,,,,,
200429,210429.0,220429.0,,,,,,,,,
100430,110430.0,200430.0,210430.0,300430.0,310430.0,,,,,,
100431,110431.0,200431.0,210431.0,300431.0,310431.0,,,,,,
200432,210432.0,220432.0,,,,,,,,,
300433,,,,,,,,,,,
300434,,,,,,,,,,,
300435,,,,,,,,,,,
300436,,,,,,,,,,,
300437,,,,,,,,,,,
300438,,,,,,,,,,,
300439,,,,,,,,,,,
300440,,,,,,,,,,,
200441,210441.0,220441.0,,,,,,,,,
100442,110442.0,200442.0,210442.0,300442.0,310442.0,320442.0,330442.0,,,,
100443,110443.0,200443.0,210443.0,300443.0,310443.0,320443.0,330443.0,,,,
200444,210444.0,220444.0,,,,,,,,,
200445,210445.0,220445.0,,,,,,,,,
100446,110446.0,200446.0,210446.0,300446.0,310446.0,320446.0,330446.0,,,,
100447,110447.0,200447.0,210447.0,300447.0,310447.0,320447.0,330447.0,,,,
200448,210448.0,220448.0,,,,,,,,,
100449,110449.0,200449.0,210449.0,300449.0,310449.0,320449.0,330449.0,,,,
100450,110450.0,200450.0,210450.0,300450.0,310450.0,320450.0,330450.0,,,,
100451,110451.0,200451.0,210451.0,300451.0,310451.0,320451.0,330451.0,,,,
100452,110452.0,200452.0,210452.0,300452.0,310452.0,320452.0,330452.0,,,,
100453,110453.0,200453.0,210453.0,300453.0,310453.0,,,,,,
100454,110454.0,200454.0,210454.0,300454.0,310454.0,,,,,,
100455,110455.0,200455.0,210455.0,300455.0,310455.0,,,,,,
100456,110456.0,200456.0,210456.0,300456.0,310456.0,,,,,,
100457,200457.0,210457.0,,,,,,,,,
100458,200458.0,210458.0,,,,,,,,,
100459,200459.0,210459.0,,,,,,,,,
100460,200460.0,210460.0,,,,,,,,,
